{
    "services": [
        {
            "id": "1",
            "code": "s10",
            "name": "غسيل وكي",
            "imagePath": "https://fakeimg.pl/300/",
            "isActive": true
        },
        {
            "id": "2",
            "code": "s10",
            "name": "غسيل مستعجل",
            "imagePath": "https://fakeimg.pl/300/",
            "isActive": true
        },
        {
            "id": "3",
            "code": "s10",
            "name": "غسيل عادي",
            "imagePath": "https://fakeimg.pl/300/",
            "isActive": false
        },
        {
            "id": "4",
            "code": "s10",
            "name": "غسيل مش عادي",
            "imagePath": "https://fakeimg.pl/300/",
            "isActive": true
        },
        {
            "id": "5",
            "code": "s10",
            "name": "غسيل عادي",
            "imagePath": "https://fakeimg.pl/300/",
            "isActive": false
        },
        {
            "id": "6",
            "code": "s10",
            "name": "غسيل مش عادي",
            "imagePath": "https://fakeimg.pl/300/",
            "isActive": true
        }
    ]
}